{
  "accrual_periodicity": "annually",
  "additional_limitations": "",
  "citation": "California Department of Public Health, Center for Infectious Diseases, Division of Communicable Disease Control, Tuberculosis Control Branch, 2020.",
  "contact_email": "opendata@cdph.ca.gov",
  "data_collection_tool": "See “RVCT – Rev.12/2009 (PDF) at this link: https://www.cdph.ca.gov/Programs/CID/DCDC/Pages/TB-Reporting-Forms-and-Instructions-for-LHDs.aspx ",
  "data_license": "Terms of Use",
  "de_identification_method": "Data have been reviewed in accordance with the California Health and Human Services Agency Data De-identification Guidelines, September 23, 2016. Case rates are suppressed when number of cases in a cell is less than 5. Rates calculated from small cell sizes should be interpreted with caution.",
  "description": "This dataset includes two tables on tuberculosis (TB) in California: 1) TB cases and rates by place of birth, sex, age and race/ethnicity 2) TB cases by local health jurisdiction (LHJ).  TB case reports are submitted to the California Department of Public Health (CDPH), TB Control Branch (TBCB), by 61 local health jurisdictions (58 counties, and the cities of Berkeley, Long Beach, and Pasadena).\r\n",
  "geo_coverage": "California",
  "geographic_granularity": "other",
  "keywords": [
    "CID",
    "LTBI",
    "TB",
    "TBCB",
    "disease surveillance",
    "infectious diseases",
    "tuberculosis"
  ],
  "limitations": "Limitations",
  "name": "tuberculosis-cases-and-rates",
  "program_web_page": "https://www.cdph.ca.gov/Programs/CID/DCDC/Pages/TBCB.aspx  ",
  "related_resources": "Publicly available population denominator data were obtained from the California Department of Finance (DOF) http://www.dof.ca.gov/Forecasting/Demographics. Both Population Projection data (P-3 data table) and Population Estimate data were used.",
  "resources": [
    {
      "description": "This table presents the number of active cases of tuberculosis and rates of TB in California by place of birth, age group, sex, and race/ethnicity.  Categories identify patient demographic characteristics:\r\nOrigin is the place of birth, Race/Ethnicity is the patient's self-report of their race and ethnicity, Age group is the patient's age at the date of first report of tuberculosis, Sex is the biological sex of the patient at birth. \r\n\r\nFor more details on the listed categories see the data dictionary",
      "format": "XLSX",
      "hash": "18b7cc64deeba25c7c5e2c853657f660",
      "name": "tb-by-place-of-birth-age-sex-and-race-ethnicity",
      "path": "tb-by-place-of-birth-age-sex-and-race-ethnicity.xlsx",
      "schema": {
        "fields": [
          {
            "description": "The year is defined as the date the person was confirmed to have TB by the local health jurisdiction.\r\n",
            "name": "Year",
            "type": "number"
          },
          {
            "description": "Categories identify patient demographic characteristics. \r\nOrigin is the place of birth.\r\nRace/Ethnicity is the patient's self-report of their race and ethnicity.\r\nAge group is the patient's age at the date of first report of tuberculosis.\r\nSex is the biological sex of the patient at birth.\r\n",
            "name": "Category",
            "type": "string"
          },
          {
            "description": "Origin: A case is considered US-born if they are  born in the United States or District of Columbia, or born abroad to a parent who is a US citizen. A case born outside the US to a parent who was not a US citizen is reported as non-US-born.                                                                         \r\n\"Race/Ethnicity:The TB case report form has one variable for race and one for ethnicity.  If a case self-reports as Hispanic, they are reported as Hispanic in this report, regardless of race. Non-Hispanic persons are reported as the race they self-report. Persons of unknown race and ethnicity are coded as White (non-Hispanic).  Persons reporting more than one race were assigned to the reported race with the smallest number of cases.  Racial/ethnicities reported here are: White non-Hispanic, Black non-Hispanic, Hispanic, Asian and Pacific Islander, American Indian and Alaska Native. \r\n\"\r\nAge group:  categorized as 0-4 years, 5-14 years, 15-24 years, 25-44 years, 45-64 years, and 65 years and older.\r\nSex:  the biological sex of the patient at birth; male or female.  \r\n",
            "name": "Strata",
            "type": "string"
          },
          {
            "description": "The number of TB cases meeting the surveillance definition The surveillance definition for TB can be found here: https://www.cdc.gov/tb/statistics/reports/2017/Tech_Notes.html\r\n",
            "name": "Cases",
            "type": "string"
          },
          {
            "description": "\"Total population estimates for California are from the California Department of Finance (E-2 California County Population Estimates and Components of Change, December 2017).  Populations for the strata of race/ethnicity, age group, and sex  were calculated by applying the proportion of each group from Department of Finance \"\"Race/Hispanics Population with Age and Gender Detail: 2000-2010, March 2013 revision\"\", and \"\"P-3 State and County Population Projections by Race/Ethnicity, Sex, and Age, 2010-2060, June 2017\"\" to the estimate totals.   For calculation of rates by racial/ethnic group, the multi-race category in the 2008−2017 population data was reallocated to a single racial/ethnic group according to the allocation table in this source: State of California, Department of Finance, Suggested Allocations of the Multi- race Category for Use with Projections by Race/Ethnicity for California and Its Counties, 2000-2050, Sacramento, California, June 2004.  Populations of non-U.S.-born and U.S.-born persons were calculated by applying the proportion of each group from the United States Census Bureau’s American Community Survey made available through the Integrated Public Use Microdata Series (IPUMS):1 Version 6.0, to the Department of Finance estimate totals. \r\n\"\r\n",
            "name": "Population",
            "type": "string"
          },
          {
            "description": "TB rate per 100,000 population = cases/population*100,000.  Where the number of cases is less than 5, rates are not presented.  Data were reviewed and  modified if necessary to ensure compliance with California Health and Human Services guidelines (https://emsa.ca.gov/wp-content/uploads/sites/71/2017/10/CHHS-DDG-V1.0-092316.pdf)\r\n",
            "name": "Rate per 100,000 population",
            "type": "string"
          }
        ]
      },
      "sources": [
        {
          "path": "https://data.chhs.ca.gov/dataset/0530d22a-127b-4524-9611-9850fb47e494/resource/926f95db-ae9c-490e-a534-26a4dd9d3596/download/tb_in_ca.xlsx",
          "title": "TB by place of birth, age, sex and race/ethnicity"
        }
      ],
      "title": "TB by place of birth, age, sex and race/ethnicity"
    },
    {
      "description": "This table presents the number of active cases of tuberculosis and rates of TB for 61 local health jurisdictions in California. ",
      "format": "XLSX",
      "hash": "7e68a7520ab11504770a7ae31193a514",
      "name": "tb-in-local-health-jurisdiction",
      "path": "tb-in-local-health-jurisdiction.xlsx",
      "schema": {
        "fields": [
          {
            "name": "Year",
            "type": "number"
          },
          {
            "name": "Jurisdiction",
            "type": "string"
          },
          {
            "name": "Cases",
            "type": "number"
          },
          {
            "name": "Population",
            "type": "number"
          },
          {
            "name": "Rate",
            "type": "number"
          }
        ]
      },
      "sources": [
        {
          "path": "https://data.chhs.ca.gov/dataset/0530d22a-127b-4524-9611-9850fb47e494/resource/fb4fbe6d-d5e9-4290-b3ee-7f8f1867839d/download/case-rates-by-lhj.xlsx",
          "title": "TB in local health jurisdiction"
        }
      ],
      "title": "TB in local health jurisdiction"
    },
    {
      "format": "XLSX",
      "hash": "395508da545549dbfb7ca1a3bc2bea45",
      "name": "data-dictionary-tb-by-place-of-birth-age-sex-and-race-ethnicity",
      "path": "data-dictionary-tb-by-place-of-birth-age-sex-and-race-ethnicity.xlsx",
      "schema": {
        "fields": [
          {
            "name": "Column name",
            "type": "string"
          },
          {
            "name": "format",
            "type": "string"
          },
          {
            "name": "definition and values",
            "type": "string"
          }
        ]
      },
      "sources": [
        {
          "path": "https://data.chhs.ca.gov/dataset/0530d22a-127b-4524-9611-9850fb47e494/resource/b53d98e0-6043-45eb-b357-22c7468876ce/download/data_dictionary-tb_in_ca.xlsx",
          "title": "Data Dictionary-TB by place of birth, age, sex and race/ethnicity"
        }
      ],
      "title": "Data Dictionary-TB by place of birth, age, sex and race/ethnicity"
    },
    {
      "format": "XLSX",
      "hash": "33bb815262dbb19d69939bafc224faec",
      "name": "data-dictionary-tuberculosis-in-lhj",
      "path": "data-dictionary-tuberculosis-in-lhj.xlsx",
      "schema": {
        "fields": [
          {
            "name": "Column name",
            "type": "string"
          },
          {
            "name": "Format",
            "type": "string"
          },
          {
            "name": "Definition and values",
            "type": "string"
          }
        ]
      },
      "sources": [
        {
          "path": "https://data.chhs.ca.gov/dataset/0530d22a-127b-4524-9611-9850fb47e494/resource/ea99b86d-3cdb-48ad-8040-c42e9b7cafdb/download/data-dictionary_tb_cases_rates_lhj.xlsx",
          "title": "Data Dictionary-Tuberculosis in LHJ"
        }
      ],
      "title": "Data Dictionary-Tuberculosis in LHJ"
    }
  ],
  "secondary_sources": "",
  "sources": [
    {
      "name": "Center for Infectious Diseases, Division of Communicable Disease Control, Tuberculosis Control Branch "
    }
  ],
  "temporal_coverage": "2005-2020",
  "title": "Tuberculosis Case Numbers and Rates, California and Local Health Jurisdictions"
}